edition_id,date,language,title,content_md,published
20250903-en-1756929601,2025-09-03,en,âš½ğŸ”¥ Top Betting Picks â€“ World Cup Qualifiers 2026 Edition,"Weâ€™re back with a brand-new app format bringing you the best betting insights for this weekâ€™s 2026 World Cup Qualifiers ğŸ“ŠğŸ¯ğŸ’°

1ï¸âƒ£ Slovakia ğŸ‡¸ğŸ‡° vs Germany ğŸ‡©ğŸ‡ª
ğŸ“‰ Germany comes from a disappointing Nations League, butâ€¦
âœ… Pick: Germany to WIN ğŸ†ğŸ‡©ğŸ‡ª

2ï¸âƒ£ Netherlands ğŸ‡³ğŸ‡±ğŸŸ  vs Poland ğŸ‡µğŸ‡±
ğŸ‡³ğŸ‡± The Dutch are in great form, while Poland struggles with a half-fit Lewandowski.
âœ… Pick: Netherlands to WIN âš½ğŸ”¥

3ï¸âƒ£ Bulgaria ğŸ‡§ğŸ‡¬ vs Spain ğŸ‡ªğŸ‡¸
ğŸ’ª Spain arrives strong, led by Lamine Yamal shining in La Liga.
âœ… Pick: Spain to WIN ğŸ¥‡ğŸ‡ªğŸ‡¸

4ï¸âƒ£ Argentina ğŸ‡¦ğŸ‡·â­ vs Venezuela ğŸ‡»ğŸ‡ª
ğŸ‰ Messiâ€™s likely last home qualifier = party atmosphere in Buenos Aires!
âœ… Pick: Argentina to WIN with a Messi goal âš½ğŸ",TRUE
